randomSeed,temperature_annualMaxAt2m,temperature_annualMinAt2m,temperature_meanDailyFluctuation,temperature_dailyLowerDeviation,temperature_dailyUpperDeviation,solar_annualMax,solar_annualMin,solar_meanDailyFluctuation,CO2_annualMin,CO2_annualMax,CO2_meanDailyFluctuation,precipitation_yearlyMean,precipitation_yearlySd,precipitation_dailyCum_nSamples,precipitation_dailyCum_maxSampleSize,precipitation_dailyCum_plateauValue_yearlyMean,precipitation_dailyCum_plateauValue_yearlySd,precipitation_dailyCum_inflection1_yearlyMean,precipitation_dailyCum_inflection1_yearlySd,precipitation_dailyCum_rate1_yearlyMean,precipitation_dailyCum_rate1_yearlySd,precipitation_dailyCum_inflection2_yearlyMean,precipitation_dailyCum_inflection2_yearlySd,precipitation_dailyCum_rate2_yearlyMean,precipitation_dailyCum_rate2_yearlySd,currentYear,currentDayOfYear,precipitation_yearTotal,meanARID,elevation,DC,z,CN,FC,WHC,WP,MUF,albedo,crop,T_sum,HI,I_50A,I_50B,T_base,T_opt,RUE,I_50maxH,I_50maxW,T_heat,T_extreme,S_CO2,S_water,sowingDay,harvestDay,meanARID_grow,meanT_max_grow,yield
0,0,0,0,0,0,0,0,0,245,255,1,0,0,0,0,0,0,0,0,0,0,0,0,0,0,0,365,465.69,0.812299682705079,200,0.55,400,65,0.21,0.15,0.06,0.096,0.23,wheat 1,2200,0.36,480,200,0,15,1.24,100,25,34,45,0.08,0.4,330,105,,,0
0,0,0,0,0,0,0,0,0,245,255,1,0,0,0,0,0,0,0,0,0,0,0,0,0,0,0,365,465.69,0.812299682705079,200,0.55,400,65,0.21,0.15,0.06,0.096,0.23,wheat 2,2150,0.34,280,50,0,15,1.24,100,25,34,45,0.08,0.4,330,105,,,0
0,0,0,0,0,0,0,0,0,245,255,1,0,0,0,0,0,0,0,0,0,0,0,0,0,0,0,365,465.69,0.812299682705079,200,0.55,400,65,0.21,0.15,0.06,0.096,0.23,rice,2300,0.47,850,200,9,26,1.24,100,10,34,50,0.08,1,170,320,0.5940458533675691,35.36626666666666,350.56485115853604
0,0,0,0,0,0,0,0,0,245,255,1,0,0,0,0,0,0,0,0,0,0,0,0,0,0,0,365,465.69,0.812299682705079,200,0.55,400,65,0.21,0.15,0.06,0.096,0.23,barley,1762,0.42,350,170,0,15,1.24,100,20,34,45,0.08,0.4,330,100,,,0
0,0,0,0,0,0,0,0,0,245,255,1,0,0,0,0,0,0,0,0,0,0,0,0,0,0,0,365,465.69,0.812299682705079,200,0.55,400,65,0.21,0.15,0.06,0.096,0.23,pearl millet,1220,0.25,245,120,10,33,1.9,100,5,35,47,0.08,0.05,200,320,0.5853013523276259,34.17258333333335,494.2610575155358
0,0,0,0,0,0,0,0,0,245,255,1,0,0,0,0,0,0,0,0,0,0,0,0,0,0,0,365,465.69,0.812299682705079,200,0.55,400,65,0.21,0.15,0.06,0.096,0.23,proso millet,1328,0.29,157.3,96.75,0,18,3,100,5,34,45,0.08,0.05,107,220,0.773563645279203,42.064070796460186,850.920692319522
0,0,0,0,0,0,0,0,0,245,255,1,0,0,0,0,0,0,0,0,0,0,0,0,0,0,1,365,494.75000000000006,0.8130289814130274,200,0.55,400,65,0.21,0.15,0.06,0.096,0.23,wheat 1,2200,0.36,480,200,0,15,1.24,100,25,34,45,0.08,0.4,330,105,0.9884781067847651,28.350359712230205,321.1637287977343
0,0,0,0,0,0,0,0,0,245,255,1,0,0,0,0,0,0,0,0,0,0,0,0,0,0,1,365,494.75000000000006,0.8130289814130274,200,0.55,400,65,0.21,0.15,0.06,0.096,0.23,wheat 2,2150,0.34,280,50,0,15,1.24,100,25,34,45,0.08,0.4,330,105,0.9884781067847651,28.350359712230205,341.23712220900245
0,0,0,0,0,0,0,0,0,245,255,1,0,0,0,0,0,0,0,0,0,0,0,0,0,0,1,365,494.75000000000006,0.8130289814130274,200,0.55,400,65,0.21,0.15,0.06,0.096,0.23,rice,2300,0.47,850,200,9,26,1.24,100,10,34,50,0.08,1,170,320,0.614816344354087,35.49726666666664,314.05183594214554
0,0,0,0,0,0,0,0,0,245,255,1,0,0,0,0,0,0,0,0,0,0,0,0,0,0,1,365,494.75000000000006,0.8130289814130274,200,0.55,400,65,0.21,0.15,0.06,0.096,0.23,barley,1762,0.42,350,170,0,15,1.24,100,20,34,45,0.08,0.4,330,100,0.9910917521198246,28.057761194029844,396.456549955286
0,0,0,0,0,0,0,0,0,245,255,1,0,0,0,0,0,0,0,0,0,0,0,0,0,0,1,365,494.75000000000006,0.8130289814130274,200,0.55,400,65,0.21,0.15,0.06,0.096,0.23,pearl millet,1220,0.25,245,120,10,33,1.9,100,5,35,47,0.08,0.05,200,320,0.6071242387821083,34.050416666666656,317.1221837343238
0,0,0,0,0,0,0,0,0,245,255,1,0,0,0,0,0,0,0,0,0,0,0,0,0,0,1,365,494.75000000000006,0.8130289814130274,200,0.55,400,65,0.21,0.15,0.06,0.096,0.23,proso millet,1328,0.29,157.3,96.75,0,18,3,100,5,34,45,0.08,0.05,107,220,0.6874973807727439,40.73654867256636,1271.1503976869758
0,0,0,0,0,0,0,0,0,245,255,1,0,0,0,0,0,0,0,0,0,0,0,0,0,0,2,365,332.89,0.8250324812793522,200,0.55,400,65,0.21,0.15,0.06,0.096,0.23,wheat 1,2200,0.36,480,200,0,15,1.24,100,25,34,45,0.08,0.4,330,105,0.8863294759194682,26.737050359712217,428.4689956566645
0,0,0,0,0,0,0,0,0,245,255,1,0,0,0,0,0,0,0,0,0,0,0,0,0,0,2,365,332.89,0.8250324812793522,200,0.55,400,65,0.21,0.15,0.06,0.096,0.23,wheat 2,2150,0.34,280,50,0,15,1.24,100,25,34,45,0.08,0.4,330,105,0.8863294759194682,26.737050359712217,439.41750196294095
0,0,0,0,0,0,0,0,0,245,255,1,0,0,0,0,0,0,0,0,0,0,0,0,0,0,2,365,332.89,0.8250324812793522,200,0.55,400,65,0.21,0.15,0.06,0.096,0.23,rice,2300,0.47,850,200,9,26,1.24,100,10,34,50,0.08,1,170,320,0.7048172150065316,37.37413333333332,196.58279991862216
0,0,0,0,0,0,0,0,0,245,255,1,0,0,0,0,0,0,0,0,0,0,0,0,0,0,2,365,332.89,0.8250324812793522,200,0.55,400,65,0.21,0.15,0.06,0.096,0.23,barley,1762,0.42,350,170,0,15,1.24,100,20,34,45,0.08,0.4,330,100,0.8829349244519582,26.287537313432825,505.2095109007019
0,0,0,0,0,0,0,0,0,245,255,1,0,0,0,0,0,0,0,0,0,0,0,0,0,0,2,365,332.89,0.8250324812793522,200,0.55,400,65,0.21,0.15,0.06,0.096,0.23,pearl millet,1220,0.25,245,120,10,33,1.9,100,5,35,47,0.08,0.05,200,320,0.7355161487931691,36.613083333333314,350.25709809085373
0,0,0,0,0,0,0,0,0,245,255,1,0,0,0,0,0,0,0,0,0,0,0,0,0,0,2,365,332.89,0.8250324812793522,200,0.55,400,65,0.21,0.15,0.06,0.096,0.23,proso millet,1328,0.29,157.3,96.75,0,18,3,100,5,34,45,0.08,0.05,107,220,0.7706613453582106,40.811946902654874,885.1523954180979
0,0,0,0,0,0,0,0,0,245,255,1,0,0,0,0,0,0,0,0,0,0,0,0,0,0,3,365,254.95,0.8753427241850738,200,0.55,400,65,0.21,0.15,0.06,0.096,0.23,wheat 1,2200,0.36,480,200,0,15,1.24,100,25,34,45,0.08,0.4,330,105,0.8770330475468019,27.587482014388495,378.95010158053213
0,0,0,0,0,0,0,0,0,245,255,1,0,0,0,0,0,0,0,0,0,0,0,0,0,0,3,365,254.95,0.8753427241850738,200,0.55,400,65,0.21,0.15,0.06,0.096,0.23,wheat 2,2150,0.34,280,50,0,15,1.24,100,25,34,45,0.08,0.4,330,105,0.8770330475468019,27.587482014388495,393.50257389503486
0,0,0,0,0,0,0,0,0,245,255,1,0,0,0,0,0,0,0,0,0,0,0,0,0,0,3,365,254.95,0.8753427241850738,200,0.55,400,65,0.21,0.15,0.06,0.096,0.23,rice,2300,0.47,850,200,9,26,1.24,100,10,34,50,0.08,1,170,320,0.881795619872,40.379133333333314,129.55090146668755
0,0,0,0,0,0,0,0,0,245,255,1,0,0,0,0,0,0,0,0,0,0,0,0,0,0,3,365,254.95,0.8753427241850738,200,0.55,400,65,0.21,0.15,0.06,0.096,0.23,barley,1762,0.42,350,170,0,15,1.24,100,20,34,45,0.08,0.4,330,100,0.8746542955037591,27.261865671641797,463.3958850229844
0,0,0,0,0,0,0,0,0,245,255,1,0,0,0,0,0,0,0,0,0,0,0,0,0,0,3,365,254.95,0.8753427241850738,200,0.55,400,65,0.21,0.15,0.06,0.096,0.23,pearl millet,1220,0.25,245,120,10,33,1.9,100,5,35,47,0.08,0.05,200,320,0.8810315956720507,39.36533333333332,480.3089748054885
0,0,0,0,0,0,0,0,0,245,255,1,0,0,0,0,0,0,0,0,0,0,0,0,0,0,3,365,254.95,0.8753427241850738,200,0.55,400,65,0.21,0.15,0.06,0.096,0.23,proso millet,1328,0.29,157.3,96.75,0,18,3,100,5,34,45,0.08,0.05,107,220,0.8599268927345867,42.21575221238939,1270.1927021416268
0,0,0,0,0,0,0,0,0,245,255,1,0,0,0,0,0,0,0,0,0,0,0,0,0,0,4,365,678.5299999999997,0.7467434438552006,200,0.55,400,65,0.21,0.15,0.06,0.096,0.23,wheat 1,2200,0.36,480,200,0,15,1.24,100,25,34,45,0.08,0.4,330,105,0.9280648436948603,28.685395683453244,433.1587364034665
0,0,0,0,0,0,0,0,0,245,255,1,0,0,0,0,0,0,0,0,0,0,0,0,0,0,4,365,678.5299999999997,0.7467434438552006,200,0.55,400,65,0.21,0.15,0.06,0.096,0.23,wheat 2,2150,0.34,280,50,0,15,1.24,100,25,34,45,0.08,0.4,330,105,0.9280648436948603,28.685395683453244,444.17831762750075
0,0,0,0,0,0,0,0,0,245,255,1,0,0,0,0,0,0,0,0,0,0,0,0,0,0,4,365,678.5299999999997,0.7467434438552006,200,0.55,400,65,0.21,0.15,0.06,0.096,0.23,rice,2300,0.47,850,200,9,26,1.24,100,10,34,50,0.08,1,170,320,0.46113480166217985,34.89160000000001,427.38936970410845
0,0,0,0,0,0,0,0,0,245,255,1,0,0,0,0,0,0,0,0,0,0,0,0,0,0,4,365,678.5299999999997,0.7467434438552006,200,0.55,400,65,0.21,0.15,0.06,0.096,0.23,barley,1762,0.42,350,170,0,15,1.24,100,20,34,45,0.08,0.4,330,100,0.9258628550423967,28.174850746268664,497.7061969328831
0,0,0,0,0,0,0,0,0,245,255,1,0,0,0,0,0,0,0,0,0,0,0,0,0,0,4,365,678.5299999999997,0.7467434438552006,200,0.55,400,65,0.21,0.15,0.06,0.096,0.23,pearl millet,1220,0.25,245,120,10,33,1.9,100,5,35,47,0.08,0.05,200,320,0.4590125259106081,33.63383333333333,492.08156581116486
0,0,0,0,0,0,0,0,0,245,255,1,0,0,0,0,0,0,0,0,0,0,0,0,0,0,4,365,678.5299999999997,0.7467434438552006,200,0.55,400,65,0.21,0.15,0.06,0.096,0.23,proso millet,1328,0.29,157.3,96.75,0,18,3,100,5,34,45,0.08,0.05,107,220,0.6837474056656646,41.69318584070797,856.7589362430363
0,0,0,0,0,0,0,0,0,245,255,1,0,0,0,0,0,0,0,0,0,0,0,0,0,0,5,365,280.36,0.8513825684976043,200,0.55,400,65,0.21,0.15,0.06,0.096,0.23,wheat 1,2200,0.36,480,200,0,15,1.24,100,25,34,45,0.08,0.4,330,105,0.8914533095746418,26.80129496402877,424.3022794838664
0,0,0,0,0,0,0,0,0,245,255,1,0,0,0,0,0,0,0,0,0,0,0,0,0,0,5,365,280.36,0.8513825684976043,200,0.55,400,65,0.21,0.15,0.06,0.096,0.23,wheat 2,2150,0.34,280,50,0,15,1.24,100,25,34,45,0.08,0.4,330,105,0.8914533095746418,26.80129496402877,435.59365425977535
0,0,0,0,0,0,0,0,0,245,255,1,0,0,0,0,0,0,0,0,0,0,0,0,0,0,5,365,280.36,0.8513825684976043,200,0.55,400,65,0.21,0.15,0.06,0.096,0.23,rice,2300,0.47,850,200,9,26,1.24,100,10,34,50,0.08,1,170,320,0.7778372606031086,38.14013333333332,199.29428144606192
0,0,0,0,0,0,0,0,0,245,255,1,0,0,0,0,0,0,0,0,0,0,0,0,0,0,5,365,280.36,0.8513825684976043,200,0.55,400,65,0.21,0.15,0.06,0.096,0.23,barley,1762,0.42,350,170,0,15,1.24,100,20,34,45,0.08,0.4,330,100,0.889335736623805,26.387238805970146,506.9019346348275
0,0,0,0,0,0,0,0,0,245,255,1,0,0,0,0,0,0,0,0,0,0,0,0,0,0,5,365,280.36,0.8513825684976043,200,0.55,400,65,0.21,0.15,0.06,0.096,0.23,pearl millet,1220,0.25,245,120,10,33,1.9,100,5,35,47,0.08,0.05,200,320,0.7694312841891614,37.17316666666665,329.18320370995343
0,0,0,0,0,0,0,0,0,245,255,1,0,0,0,0,0,0,0,0,0,0,0,0,0,0,5,365,280.36,0.8513825684976043,200,0.55,400,65,0.21,0.15,0.06,0.096,0.23,proso millet,1328,0.29,157.3,96.75,0,18,3,100,5,34,45,0.08,0.05,107,220,0.8726385914034739,41.76088495575223,1023.8846249837156
0,0,0,0,0,0,0,0,0,245,255,1,0,0,0,0,0,0,0,0,0,0,0,0,0,0,6,365,585.4300000000002,0.7290057755170081,200,0.55,400,65,0.21,0.15,0.06,0.096,0.23,wheat 1,2200,0.36,480,200,0,15,1.24,100,25,34,45,0.08,0.4,330,105,0.8465434047979618,27.150215827338126,435.73779578054314
0,0,0,0,0,0,0,0,0,245,255,1,0,0,0,0,0,0,0,0,0,0,0,0,0,0,6,365,585.4300000000002,0.7290057755170081,200,0.55,400,65,0.21,0.15,0.06,0.096,0.23,wheat 2,2150,0.34,280,50,0,15,1.24,100,25,34,45,0.08,0.4,330,105,0.8465434047979618,27.150215827338126,447.3024088849606
0,0,0,0,0,0,0,0,0,245,255,1,0,0,0,0,0,0,0,0,0,0,0,0,0,0,6,365,585.4300000000002,0.7290057755170081,200,0.55,400,65,0.21,0.15,0.06,0.096,0.23,rice,2300,0.47,850,200,9,26,1.24,100,10,34,50,0.08,1,170,320,0.49647519268619,35.426466666666656,248.6495346006461
0,0,0,0,0,0,0,0,0,245,255,1,0,0,0,0,0,0,0,0,0,0,0,0,0,0,6,365,585.4300000000002,0.7290057755170081,200,0.55,400,65,0.21,0.15,0.06,0.096,0.23,barley,1762,0.42,350,170,0,15,1.24,100,20,34,45,0.08,0.4,330,100,0.8424383863465059,26.769925373134324,522.5652416350334
0,0,0,0,0,0,0,0,0,245,255,1,0,0,0,0,0,0,0,0,0,0,0,0,0,0,6,365,585.4300000000002,0.7290057755170081,200,0.55,400,65,0.21,0.15,0.06,0.096,0.23,pearl millet,1220,0.25,245,120,10,33,1.9,100,5,35,47,0.08,0.05,200,320,0.5241889156414695,34.382583333333336,410.4904994887457
0,0,0,0,0,0,0,0,0,245,255,1,0,0,0,0,0,0,0,0,0,0,0,0,0,0,6,365,585.4300000000002,0.7290057755170081,200,0.55,400,65,0.21,0.15,0.06,0.096,0.23,proso millet,1328,0.29,157.3,96.75,0,18,3,100,5,34,45,0.08,0.05,107,220,0.6722178921537362,41.25477876106195,1004.2653777645132
0,0,0,0,0,0,0,0,0,245,255,1,0,0,0,0,0,0,0,0,0,0,0,0,0,0,7,365,431.55,0.8239152013763082,200,0.55,400,65,0.21,0.15,0.06,0.096,0.23,wheat 1,2200,0.36,480,200,0,15,1.24,100,25,34,45,0.08,0.4,330,105,0.9676516726499059,28.08345323741006,356.31750507746693
0,0,0,0,0,0,0,0,0,245,255,1,0,0,0,0,0,0,0,0,0,0,0,0,0,0,7,365,431.55,0.8239152013763082,200,0.55,400,65,0.21,0.15,0.06,0.096,0.23,wheat 2,2150,0.34,280,50,0,15,1.24,100,25,34,45,0.08,0.4,330,105,0.9676516726499059,28.08345323741006,372.5439540270936
0,0,0,0,0,0,0,0,0,245,255,1,0,0,0,0,0,0,0,0,0,0,0,0,0,0,7,365,431.55,0.8239152013763082,200,0.55,400,65,0.21,0.15,0.06,0.096,0.23,rice,2300,0.47,850,200,9,26,1.24,100,10,34,50,0.08,1,170,320,0.6533450118940345,37.046933333333335,265.97914036527817
0,0,0,0,0,0,0,0,0,245,255,1,0,0,0,0,0,0,0,0,0,0,0,0,0,0,7,365,431.55,0.8239152013763082,200,0.55,400,65,0.21,0.15,0.06,0.096,0.23,barley,1762,0.42,350,170,0,15,1.24,100,20,34,45,0.08,0.4,330,100,0.9689955808270049,27.780298507462675,434.5786477623204
0,0,0,0,0,0,0,0,0,245,255,1,0,0,0,0,0,0,0,0,0,0,0,0,0,0,7,365,431.55,0.8239152013763082,200,0.55,400,65,0.21,0.15,0.06,0.096,0.23,pearl millet,1220,0.25,245,120,10,33,1.9,100,5,35,47,0.08,0.05,200,320,0.6271492659872847,35.498666666666686,341.436351370543
0,0,0,0,0,0,0,0,0,245,255,1,0,0,0,0,0,0,0,0,0,0,0,0,0,0,7,365,431.55,0.8239152013763082,200,0.55,400,65,0.21,0.15,0.06,0.096,0.23,proso millet,1328,0.29,157.3,96.75,0,18,3,100,5,34,45,0.08,0.05,107,220,0.7929139910050796,42.346902654867264,1300.8111493523377
0,0,0,0,0,0,0,0,0,245,255,1,0,0,0,0,0,0,0,0,0,0,0,0,0,0,8,365,399.6199999999998,0.7863433925241042,200,0.55,400,65,0.21,0.15,0.06,0.096,0.23,wheat 1,2200,0.36,480,200,0,15,1.24,100,25,34,45,0.08,0.4,330,105,0.8900600845822454,26.91546762589927,382.09135758394575
0,0,0,0,0,0,0,0,0,245,255,1,0,0,0,0,0,0,0,0,0,0,0,0,0,0,8,365,399.6199999999998,0.7863433925241042,200,0.55,400,65,0.21,0.15,0.06,0.096,0.23,wheat 2,2150,0.34,280,50,0,15,1.24,100,25,34,45,0.08,0.4,330,105,0.8900600845822454,26.91546762589927,391.8480510740023
0,0,0,0,0,0,0,0,0,245,255,1,0,0,0,0,0,0,0,0,0,0,0,0,0,0,8,365,399.6199999999998,0.7863433925241042,200,0.55,400,65,0.21,0.15,0.06,0.096,0.23,rice,2300,0.47,850,200,9,26,1.24,100,10,34,50,0.08,1,170,320,0.5967669523226521,36.38186666666669,220.6935784344968
0,0,0,0,0,0,0,0,0,245,255,1,0,0,0,0,0,0,0,0,0,0,0,0,0,0,8,365,399.6199999999998,0.7863433925241042,200,0.55,400,65,0.21,0.15,0.06,0.096,0.23,barley,1762,0.42,350,170,0,15,1.24,100,20,34,45,0.08,0.4,330,100,0.886396009070911,26.614701492537307,458.3165311371522
0,0,0,0,0,0,0,0,0,245,255,1,0,0,0,0,0,0,0,0,0,0,0,0,0,0,8,365,399.6199999999998,0.7863433925241042,200,0.55,400,65,0.21,0.15,0.06,0.096,0.23,pearl millet,1220,0.25,245,120,10,33,1.9,100,5,35,47,0.08,0.05,200,320,0.5660086642716475,35.04141666666666,305.7627425737925
0,0,0,0,0,0,0,0,0,245,255,1,0,0,0,0,0,0,0,0,0,0,0,0,0,0,8,365,399.6199999999998,0.7863433925241042,200,0.55,400,65,0.21,0.15,0.06,0.096,0.23,proso millet,1328,0.29,157.3,96.75,0,18,3,100,5,34,45,0.08,0.05,107,220,0.777806523548327,40.99017699115046,933.1364802687208
0,0,0,0,0,0,0,0,0,245,255,1,0,0,0,0,0,0,0,0,0,0,0,0,0,0,9,365,475.2499999999998,0.8068065886617529,200,0.55,400,65,0.21,0.15,0.06,0.096,0.23,wheat 1,2200,0.36,480,200,0,15,1.24,100,25,34,45,0.08,0.4,330,105,0.91751142517019,27.87352517985611,421.43343080986733
0,0,0,0,0,0,0,0,0,245,255,1,0,0,0,0,0,0,0,0,0,0,0,0,0,0,9,365,475.2499999999998,0.8068065886617529,200,0.55,400,65,0.21,0.15,0.06,0.096,0.23,wheat 2,2150,0.34,280,50,0,15,1.24,100,25,34,45,0.08,0.4,330,105,0.91751142517019,27.87352517985611,433.4152022750038
0,0,0,0,0,0,0,0,0,245,255,1,0,0,0,0,0,0,0,0,0,0,0,0,0,0,9,365,475.2499999999998,0.8068065886617529,200,0.55,400,65,0.21,0.15,0.06,0.096,0.23,rice,2300,0.47,850,200,9,26,1.24,100,10,34,50,0.08,1,170,320,0.6255196097792034,36.896200000000015,203.67634236042218
0,0,0,0,0,0,0,0,0,245,255,1,0,0,0,0,0,0,0,0,0,0,0,0,0,0,9,365,475.2499999999998,0.8068065886617529,200,0.55,400,65,0.21,0.15,0.06,0.096,0.23,barley,1762,0.42,350,170,0,15,1.24,100,20,34,45,0.08,0.4,330,100,0.9175456728850093,27.644179104477605,505.58277539950046
0,0,0,0,0,0,0,0,0,245,255,1,0,0,0,0,0,0,0,0,0,0,0,0,0,0,9,365,475.2499999999998,0.8068065886617529,200,0.55,400,65,0.21,0.15,0.06,0.096,0.23,pearl millet,1220,0.25,245,120,10,33,1.9,100,5,35,47,0.08,0.05,200,320,0.6767455084252144,36.40958333333334,322.5576092350199
0,0,0,0,0,0,0,0,0,245,255,1,0,0,0,0,0,0,0,0,0,0,0,0,0,0,9,365,475.2499999999998,0.8068065886617529,200,0.55,400,65,0.21,0.15,0.06,0.096,0.23,proso millet,1328,0.29,157.3,96.75,0,18,3,100,5,34,45,0.08,0.05,107,220,0.6841605406951635,41.406106194690246,946.9331231877294
0,0,0,0,0,0,0,0,0,245,255,1,0,0,0,0,0,0,0,0,0,0,0,0,0,0,10,365,615.2900000000002,0.7712060257387957,200,0.55,400,65,0.21,0.15,0.06,0.096,0.23,wheat 1,2200,0.36,480,200,0,15,1.24,100,25,34,45,0.08,0.4,330,105,0.9403575649938674,28.840935251798566,406.8155311489534
0,0,0,0,0,0,0,0,0,245,255,1,0,0,0,0,0,0,0,0,0,0,0,0,0,0,10,365,615.2900000000002,0.7712060257387957,200,0.55,400,65,0.21,0.15,0.06,0.096,0.23,wheat 2,2150,0.34,280,50,0,15,1.24,100,25,34,45,0.08,0.4,330,105,0.9403575649938674,28.840935251798566,420.69933619363957
0,0,0,0,0,0,0,0,0,245,255,1,0,0,0,0,0,0,0,0,0,0,0,0,0,0,10,365,615.2900000000002,0.7712060257387957,200,0.55,400,65,0.21,0.15,0.06,0.096,0.23,rice,2300,0.47,850,200,9,26,1.24,100,10,34,50,0.08,1,170,320,0.5278751898625884,34.15793333333334,443.71113528675806
0,0,0,0,0,0,0,0,0,245,255,1,0,0,0,0,0,0,0,0,0,0,0,0,0,0,10,365,615.2900000000002,0.7712060257387957,200,0.55,400,65,0.21,0.15,0.06,0.096,0.23,barley,1762,0.42,350,170,0,15,1.24,100,20,34,45,0.08,0.4,330,100,0.9398465718153983,28.523059701492546,489.3610651789761
0,0,0,0,0,0,0,0,0,245,255,1,0,0,0,0,0,0,0,0,0,0,0,0,0,0,10,365,615.2900000000002,0.7712060257387957,200,0.55,400,65,0.21,0.15,0.06,0.096,0.23,pearl millet,1220,0.25,245,120,10,33,1.9,100,5,35,47,0.08,0.05,200,320,0.505964254065166,32.742250000000006,559.3742563804631
0,0,0,0,0,0,0,0,0,245,255,1,0,0,0,0,0,0,0,0,0,0,0,0,0,0,10,365,615.2900000000002,0.7712060257387957,200,0.55,400,65,0.21,0.15,0.06,0.096,0.23,proso millet,1328,0.29,157.3,96.75,0,18,3,100,5,34,45,0.08,0.05,107,220,0.6932111233437434,40.530973451327434,719.9577756674502
0,0,0,0,0,0,0,0,0,245,255,1,0,0,0,0,0,0,0,0,0,0,0,0,0,0,11,365,660.23,0.7483155723213877,200,0.55,400,65,0.21,0.15,0.06,0.096,0.23,wheat 1,2200,0.36,480,200,0,15,1.24,100,25,34,45,0.08,0.4,330,105,0.8305887335409797,26.80769784172661,433.69826135225077
0,0,0,0,0,0,0,0,0,245,255,1,0,0,0,0,0,0,0,0,0,0,0,0,0,0,11,365,660.23,0.7483155723213877,200,0.55,400,65,0.21,0.15,0.06,0.096,0.23,wheat 2,2150,0.34,280,50,0,15,1.24,100,25,34,45,0.08,0.4,330,105,0.8305887335409797,26.80769784172661,449.90971528262344
0,0,0,0,0,0,0,0,0,245,255,1,0,0,0,0,0,0,0,0,0,0,0,0,0,0,11,365,660.23,0.7483155723213877,200,0.55,400,65,0.21,0.15,0.06,0.096,0.23,rice,2300,0.47,850,200,9,26,1.24,100,10,34,50,0.08,1,170,320,0.5608604505694853,35.07186666666668,322.4030197941341
0,0,0,0,0,0,0,0,0,245,255,1,0,0,0,0,0,0,0,0,0,0,0,0,0,0,11,365,660.23,0.7483155723213877,200,0.55,400,65,0.21,0.15,0.06,0.096,0.23,barley,1762,0.42,350,170,0,15,1.24,100,20,34,45,0.08,0.4,330,100,0.8290215803956554,26.46186567164178,529.9974847098345
0,0,0,0,0,0,0,0,0,245,255,1,0,0,0,0,0,0,0,0,0,0,0,0,0,0,11,365,660.23,0.7483155723213877,200,0.55,400,65,0.21,0.15,0.06,0.096,0.23,pearl millet,1220,0.25,245,120,10,33,1.9,100,5,35,47,0.08,0.05,200,320,0.540027509460139,33.45458333333333,471.23559976282854
0,0,0,0,0,0,0,0,0,245,255,1,0,0,0,0,0,0,0,0,0,0,0,0,0,0,11,365,660.23,0.7483155723213877,200,0.55,400,65,0.21,0.15,0.06,0.096,0.23,proso millet,1328,0.29,157.3,96.75,0,18,3,100,5,34,45,0.08,0.05,107,220,0.7663675349136925,41.47999999999999,834.5279114727288
0,0,0,0,0,0,0,0,0,245,255,1,0,0,0,0,0,0,0,0,0,0,0,0,0,0,12,365,580.2599999999999,0.7224546871369317,200,0.55,400,65,0.21,0.15,0.06,0.096,0.23,wheat 1,2200,0.36,480,200,0,15,1.24,100,25,34,45,0.08,0.4,330,105,0.8788664718598181,27.868561151079145,451.823677494145
0,0,0,0,0,0,0,0,0,245,255,1,0,0,0,0,0,0,0,0,0,0,0,0,0,0,12,365,580.2599999999999,0.7224546871369317,200,0.55,400,65,0.21,0.15,0.06,0.096,0.23,wheat 2,2150,0.34,280,50,0,15,1.24,100,25,34,45,0.08,0.4,330,105,0.8788664718598181,27.868561151079145,461.10052337667145
0,0,0,0,0,0,0,0,0,245,255,1,0,0,0,0,0,0,0,0,0,0,0,0,0,0,12,365,580.2599999999999,0.7224546871369317,200,0.55,400,65,0.21,0.15,0.06,0.096,0.23,rice,2300,0.47,850,200,9,26,1.24,100,10,34,50,0.08,1,170,320,0.4753149939846972,35.44379999999999,257.6628009710922
0,0,0,0,0,0,0,0,0,245,255,1,0,0,0,0,0,0,0,0,0,0,0,0,0,0,12,365,580.2599999999999,0.7224546871369317,200,0.55,400,65,0.21,0.15,0.06,0.096,0.23,barley,1762,0.42,350,170,0,15,1.24,100,20,34,45,0.08,0.4,330,100,0.8775206543682204,27.48089552238807,531.027138078983
0,0,0,0,0,0,0,0,0,245,255,1,0,0,0,0,0,0,0,0,0,0,0,0,0,0,12,365,580.2599999999999,0.7224546871369317,200,0.55,400,65,0.21,0.15,0.06,0.096,0.23,pearl millet,1220,0.25,245,120,10,33,1.9,100,5,35,47,0.08,0.05,200,320,0.5149041141848982,34.62650000000001,360.0186419306663
0,0,0,0,0,0,0,0,0,245,255,1,0,0,0,0,0,0,0,0,0,0,0,0,0,0,12,365,580.2599999999999,0.7224546871369317,200,0.55,400,65,0.21,0.15,0.06,0.096,0.23,proso millet,1328,0.29,157.3,96.75,0,18,3,100,5,34,45,0.08,0.05,107,220,0.6564442465772052,40.36849557522124,992.5521015514179
0,0,0,0,0,0,0,0,0,245,255,1,0,0,0,0,0,0,0,0,0,0,0,0,0,0,13,365,679.3800000000002,0.7080369085111646,200,0.55,400,65,0.21,0.15,0.06,0.096,0.23,wheat 1,2200,0.36,480,200,0,15,1.24,100,25,34,45,0.08,0.4,330,105,0.9146701866305205,27.208776978417273,421.156251394175
0,0,0,0,0,0,0,0,0,245,255,1,0,0,0,0,0,0,0,0,0,0,0,0,0,0,13,365,679.3800000000002,0.7080369085111646,200,0.55,400,65,0.21,0.15,0.06,0.096,0.23,wheat 2,2150,0.34,280,50,0,15,1.24,100,25,34,45,0.08,0.4,330,105,0.9146701866305205,27.208776978417273,434.9458348016177
0,0,0,0,0,0,0,0,0,245,255,1,0,0,0,0,0,0,0,0,0,0,0,0,0,0,13,365,679.3800000000002,0.7080369085111646,200,0.55,400,65,0.21,0.15,0.06,0.096,0.23,rice,2300,0.47,850,200,9,26,1.24,100,10,34,50,0.08,1,170,320,0.5418819060324622,34.99840000000001,276.15541658213397
0,0,0,0,0,0,0,0,0,245,255,1,0,0,0,0,0,0,0,0,0,0,0,0,0,0,13,365,679.3800000000002,0.7080369085111646,200,0.55,400,65,0.21,0.15,0.06,0.096,0.23,barley,1762,0.42,350,170,0,15,1.24,100,20,34,45,0.08,0.4,330,100,0.9186262649686004,26.84544776119404,509.1007013790267
0,0,0,0,0,0,0,0,0,245,255,1,0,0,0,0,0,0,0,0,0,0,0,0,0,0,13,365,679.3800000000002,0.7080369085111646,200,0.55,400,65,0.21,0.15,0.06,0.096,0.23,pearl millet,1220,0.25,245,120,10,33,1.9,100,5,35,47,0.08,0.05,200,320,0.5104175412298979,33.25766666666667,374.33728505492513
0,0,0,0,0,0,0,0,0,245,255,1,0,0,0,0,0,0,0,0,0,0,0,0,0,0,13,365,679.3800000000002,0.7080369085111646,200,0.55,400,65,0.21,0.15,0.06,0.096,0.23,proso millet,1328,0.29,157.3,96.75,0,18,3,100,5,34,45,0.08,0.05,107,220,0.6575970306241661,39.56504424778759,924.7790457988411
0,0,0,0,0,0,0,0,0,245,255,1,0,0,0,0,0,0,0,0,0,0,0,0,0,0,14,365,629.4300000000004,0.6816027482047188,200,0.55,400,65,0.21,0.15,0.06,0.096,0.23,wheat 1,2200,0.36,480,200,0,15,1.24,100,25,34,45,0.08,0.4,330,105,0.7467322483437798,25.38064748201438,405.19250738863747
0,0,0,0,0,0,0,0,0,245,255,1,0,0,0,0,0,0,0,0,0,0,0,0,0,0,14,365,629.4300000000004,0.6816027482047188,200,0.55,400,65,0.21,0.15,0.06,0.096,0.23,wheat 2,2150,0.34,280,50,0,15,1.24,100,25,34,45,0.08,0.4,330,105,0.7467322483437798,25.38064748201438,419.5948426030901
0,0,0,0,0,0,0,0,0,245,255,1,0,0,0,0,0,0,0,0,0,0,0,0,0,0,14,365,629.4300000000004,0.6816027482047188,200,0.55,400,65,0.21,0.15,0.06,0.096,0.23,rice,2300,0.47,850,200,9,26,1.24,100,10,34,50,0.08,1,170,320,0.4301439407103091,35.571133333333314,383.89352366150376
0,0,0,0,0,0,0,0,0,245,255,1,0,0,0,0,0,0,0,0,0,0,0,0,0,0,14,365,629.4300000000004,0.6816027482047188,200,0.55,400,65,0.21,0.15,0.06,0.096,0.23,barley,1762,0.42,350,170,0,15,1.24,100,20,34,45,0.08,0.4,330,100,0.7384512118192426,24.963283582089538,493.0132731736801
0,0,0,0,0,0,0,0,0,245,255,1,0,0,0,0,0,0,0,0,0,0,0,0,0,0,14,365,629.4300000000004,0.6816027482047188,200,0.55,400,65,0.21,0.15,0.06,0.096,0.23,pearl millet,1220,0.25,245,120,10,33,1.9,100,5,35,47,0.08,0.05,200,320,0.4552258126417722,34.692833333333326,406.4761625322337
0,0,0,0,0,0,0,0,0,245,255,1,0,0,0,0,0,0,0,0,0,0,0,0,0,0,14,365,629.4300000000004,0.6816027482047188,200,0.55,400,65,0.21,0.15,0.06,0.096,0.23,proso millet,1328,0.29,157.3,96.75,0,18,3,100,5,34,45,0.08,0.05,107,220,0.6928836562754548,41.0483185840708,845.4520144294594
0,0,0,0,0,0,0,0,0,245,255,1,0,0,0,0,0,0,0,0,0,0,0,0,0,0,15,365,248.37000000000003,0.8753217129052001,200,0.55,400,65,0.21,0.15,0.06,0.096,0.23,wheat 1,2200,0.36,480,200,0,15,1.24,100,25,34,45,0.08,0.4,330,105,0.9262004459986295,28.69086330935251,408.84400184571695
0,0,0,0,0,0,0,0,0,245,255,1,0,0,0,0,0,0,0,0,0,0,0,0,0,0,15,365,248.37000000000003,0.8753217129052001,200,0.55,400,65,0.21,0.15,0.06,0.096,0.23,wheat 2,2150,0.34,280,50,0,15,1.24,100,25,34,45,0.08,0.4,330,105,0.9262004459986295,28.69086330935251,419.16083324932436
0,0,0,0,0,0,0,0,0,245,255,1,0,0,0,0,0,0,0,0,0,0,0,0,0,0,15,365,248.37000000000003,0.8753217129052001,200,0.55,400,65,0.21,0.15,0.06,0.096,0.23,rice,2300,0.47,850,200,9,26,1.24,100,10,34,50,0.08,1,170,320,0.8041428571702663,39.07360000000001,184.6571827143283
0,0,0,0,0,0,0,0,0,245,255,1,0,0,0,0,0,0,0,0,0,0,0,0,0,0,15,365,248.37000000000003,0.8753217129052001,200,0.55,400,65,0.21,0.15,0.06,0.096,0.23,barley,1762,0.42,350,170,0,15,1.24,100,20,34,45,0.08,0.4,330,100,0.9234581549437653,28.281044776119394,474.864873895773
0,0,0,0,0,0,0,0,0,245,255,1,0,0,0,0,0,0,0,0,0,0,0,0,0,0,15,365,248.37000000000003,0.8753217129052001,200,0.55,400,65,0.21,0.15,0.06,0.096,0.23,pearl millet,1220,0.25,245,120,10,33,1.9,100,5,35,47,0.08,0.05,200,320,0.7893591260080662,37.98441666666667,318.7121129759565
0,0,0,0,0,0,0,0,0,245,255,1,0,0,0,0,0,0,0,0,0,0,0,0,0,0,15,365,248.37000000000003,0.8753217129052001,200,0.55,400,65,0.21,0.15,0.06,0.096,0.23,proso millet,1328,0.29,157.3,96.75,0,18,3,100,5,34,45,0.08,0.05,107,220,0.8068684339661626,42.231946902654876,1235.3112191201167
0,0,0,0,0,0,0,0,0,245,255,1,0,0,0,0,0,0,0,0,0,0,0,0,0,0,16,365,338.98,0.8350823045072332,200,0.55,400,65,0.21,0.15,0.06,0.096,0.23,wheat 1,2200,0.36,480,200,0,15,1.24,100,25,34,45,0.08,0.4,330,105,0.9241468603927625,27.922086330935247,476.14539559978135
0,0,0,0,0,0,0,0,0,245,255,1,0,0,0,0,0,0,0,0,0,0,0,0,0,0,16,365,338.98,0.8350823045072332,200,0.55,400,65,0.21,0.15,0.06,0.096,0.23,wheat 2,2150,0.34,280,50,0,15,1.24,100,25,34,45,0.08,0.4,330,105,0.9241468603927625,27.922086330935247,486.77603163958736
0,0,0,0,0,0,0,0,0,245,255,1,0,0,0,0,0,0,0,0,0,0,0,0,0,0,16,365,338.98,0.8350823045072332,200,0.55,400,65,0.21,0.15,0.06,0.096,0.23,rice,2300,0.47,850,200,9,26,1.24,100,10,34,50,0.08,1,170,320,0.727648058944918,38.214733333333335,188.76611629272293
0,0,0,0,0,0,0,0,0,245,255,1,0,0,0,0,0,0,0,0,0,0,0,0,0,0,16,365,338.98,0.8350823045072332,200,0.55,400,65,0.21,0.15,0.06,0.096,0.23,barley,1762,0.42,350,170,0,15,1.24,100,20,34,45,0.08,0.4,330,100,0.9215545846707478,27.396716417910444,550.5946994738048
0,0,0,0,0,0,0,0,0,245,255,1,0,0,0,0,0,0,0,0,0,0,0,0,0,0,16,365,338.98,0.8350823045072332,200,0.55,400,65,0.21,0.15,0.06,0.096,0.23,pearl millet,1220,0.25,245,120,10,33,1.9,100,5,35,47,0.08,0.05,200,320,0.7631224018796581,37.789416666666675,343.5566539956282
0,0,0,0,0,0,0,0,0,245,255,1,0,0,0,0,0,0,0,0,0,0,0,0,0,0,16,365,338.98,0.8350823045072332,200,0.55,400,65,0.21,0.15,0.06,0.096,0.23,proso millet,1328,0.29,157.3,96.75,0,18,3,100,5,34,45,0.08,0.05,107,220,0.698823984675177,41.2032743362832,1213.763864597682
0,0,0,0,0,0,0,0,0,245,255,1,0,0,0,0,0,0,0,0,0,0,0,0,0,0,17,365,546.1799999999996,0.7732917435709998,200,0.55,400,65,0.21,0.15,0.06,0.096,0.23,wheat 1,2200,0.36,480,200,0,15,1.24,100,25,34,45,0.08,0.4,330,105,0.9555346687362853,28.663381294964033,428.2462932674851
0,0,0,0,0,0,0,0,0,245,255,1,0,0,0,0,0,0,0,0,0,0,0,0,0,0,17,365,546.1799999999996,0.7732917435709998,200,0.55,400,65,0.21,0.15,0.06,0.096,0.23,wheat 2,2150,0.34,280,50,0,15,1.24,100,25,34,45,0.08,0.4,330,105,0.9555346687362853,28.663381294964033,442.66992207255714
0,0,0,0,0,0,0,0,0,245,255,1,0,0,0,0,0,0,0,0,0,0,0,0,0,0,17,365,546.1799999999996,0.7732917435709998,200,0.55,400,65,0.21,0.15,0.06,0.096,0.23,rice,2300,0.47,850,200,9,26,1.24,100,10,34,50,0.08,1,170,320,0.6443327535722262,36.771399999999986,149.33379545802967
0,0,0,0,0,0,0,0,0,245,255,1,0,0,0,0,0,0,0,0,0,0,0,0,0,0,17,365,546.1799999999996,0.7732917435709998,200,0.55,400,65,0.21,0.15,0.06,0.096,0.23,barley,1762,0.42,350,170,0,15,1.24,100,20,34,45,0.08,0.4,330,100,0.9568453124927999,28.343134328358207,510.6221028309293
0,0,0,0,0,0,0,0,0,245,255,1,0,0,0,0,0,0,0,0,0,0,0,0,0,0,17,365,546.1799999999996,0.7732917435709998,200,0.55,400,65,0.21,0.15,0.06,0.096,0.23,pearl millet,1220,0.25,245,120,10,33,1.9,100,5,35,47,0.08,0.05,200,320,0.6909592965042611,36.284,253.65292311168605
0,0,0,0,0,0,0,0,0,245,255,1,0,0,0,0,0,0,0,0,0,0,0,0,0,0,17,365,546.1799999999996,0.7732917435709998,200,0.55,400,65,0.21,0.15,0.06,0.096,0.23,proso millet,1328,0.29,157.3,96.75,0,18,3,100,5,34,45,0.08,0.05,107,220,0.5477061665938856,39.55646017699115,831.2304543479654
0,0,0,0,0,0,0,0,0,245,255,1,0,0,0,0,0,0,0,0,0,0,0,0,0,0,18,365,344.54999999999984,0.8452164288671159,200,0.55,400,65,0.21,0.15,0.06,0.096,0.23,wheat 1,2200,0.36,480,200,0,15,1.24,100,25,34,45,0.08,0.4,330,105,0.9153892631430409,28.19611510791366,446.2730845543721
0,0,0,0,0,0,0,0,0,245,255,1,0,0,0,0,0,0,0,0,0,0,0,0,0,0,18,365,344.54999999999984,0.8452164288671159,200,0.55,400,65,0.21,0.15,0.06,0.096,0.23,wheat 2,2150,0.34,280,50,0,15,1.24,100,25,34,45,0.08,0.4,330,105,0.9153892631430409,28.19611510791366,460.38296578608345
0,0,0,0,0,0,0,0,0,245,255,1,0,0,0,0,0,0,0,0,0,0,0,0,0,0,18,365,344.54999999999984,0.8452164288671159,200,0.55,400,65,0.21,0.15,0.06,0.096,0.23,rice,2300,0.47,850,200,9,26,1.24,100,10,34,50,0.08,1,170,320,0.7657314557915438,38.359266666666656,152.86699731147354
0,0,0,0,0,0,0,0,0,245,255,1,0,0,0,0,0,0,0,0,0,0,0,0,0,0,18,365,344.54999999999984,0.8452164288671159,200,0.55,400,65,0.21,0.15,0.06,0.096,0.23,barley,1762,0.42,350,170,0,15,1.24,100,20,34,45,0.08,0.4,330,100,0.9127123018998424,27.711268656716403,522.4052030479273
0,0,0,0,0,0,0,0,0,245,255,1,0,0,0,0,0,0,0,0,0,0,0,0,0,0,18,365,344.54999999999984,0.8452164288671159,200,0.55,400,65,0.21,0.15,0.06,0.096,0.23,pearl millet,1220,0.25,245,120,10,33,1.9,100,5,35,47,0.08,0.05,200,320,0.7430479797699368,36.90758333333334,331.29967989910455
0,0,0,0,0,0,0,0,0,245,255,1,0,0,0,0,0,0,0,0,0,0,0,0,0,0,18,365,344.54999999999984,0.8452164288671159,200,0.55,400,65,0.21,0.15,0.06,0.096,0.23,proso millet,1328,0.29,157.3,96.75,0,18,3,100,5,34,45,0.08,0.05,107,220,0.8651703435147291,43.75964601769912,1063.0424877648134
0,0,0,0,0,0,0,0,0,245,255,1,0,0,0,0,0,0,0,0,0,0,0,0,0,0,19,365,701.1500000000001,0.718768644602686,200,0.55,400,65,0.21,0.15,0.06,0.096,0.23,wheat 1,2200,0.36,480,200,0,15,1.24,100,25,34,45,0.08,0.4,330,105,0.8748196619496778,27.92755395683453,426.37389477181773
0,0,0,0,0,0,0,0,0,245,255,1,0,0,0,0,0,0,0,0,0,0,0,0,0,0,19,365,701.1500000000001,0.718768644602686,200,0.55,400,65,0.21,0.15,0.06,0.096,0.23,wheat 2,2150,0.34,280,50,0,15,1.24,100,25,34,45,0.08,0.4,330,105,0.8748196619496778,27.92755395683453,437.2514842762747
0,0,0,0,0,0,0,0,0,245,255,1,0,0,0,0,0,0,0,0,0,0,0,0,0,0,19,365,701.1500000000001,0.718768644602686,200,0.55,400,65,0.21,0.15,0.06,0.096,0.23,rice,2300,0.47,850,200,9,26,1.24,100,10,34,50,0.08,1,170,320,0.4801008089775938,34.190200000000026,300.13804823094995
0,0,0,0,0,0,0,0,0,245,255,1,0,0,0,0,0,0,0,0,0,0,0,0,0,0,19,365,701.1500000000001,0.718768644602686,200,0.55,400,65,0.21,0.15,0.06,0.096,0.23,barley,1762,0.42,350,170,0,15,1.24,100,20,34,45,0.08,0.4,330,100,0.8703942419674789,27.42440298507462,492.2992466986883
0,0,0,0,0,0,0,0,0,245,255,1,0,0,0,0,0,0,0,0,0,0,0,0,0,0,19,365,701.1500000000001,0.718768644602686,200,0.55,400,65,0.21,0.15,0.06,0.096,0.23,pearl millet,1220,0.25,245,120,10,33,1.9,100,5,35,47,0.08,0.05,200,320,0.5173545142154823,33.39766666666666,513.9931175419678
0,0,0,0,0,0,0,0,0,245,255,1,0,0,0,0,0,0,0,0,0,0,0,0,0,0,19,365,701.1500000000001,0.718768644602686,200,0.55,400,65,0.21,0.15,0.06,0.096,0.23,proso millet,1328,0.29,157.3,96.75,0,18,3,100,5,34,45,0.08,0.05,107,220,0.6152423736121063,39.653274336283225,998.7909862445539
0,0,0,0,0,0,0,0,0,245,255,1,0,0,0,0,0,0,0,0,0,0,0,0,0,0,20,365,444.43,0.7940354660752726,200,0.55,400,65,0.21,0.15,0.06,0.096,0.23,wheat 1,2200,0.36,480,200,0,15,1.24,100,25,34,45,0.08,0.4,330,105,0.9123645301946359,28.797553956834545,430.69000819436
0,0,0,0,0,0,0,0,0,245,255,1,0,0,0,0,0,0,0,0,0,0,0,0,0,0,20,365,444.43,0.7940354660752726,200,0.55,400,65,0.21,0.15,0.06,0.096,0.23,wheat 2,2150,0.34,280,50,0,15,1.24,100,25,34,45,0.08,0.4,330,105,0.9123645301946359,28.797553956834545,439.61598969325524
0,0,0,0,0,0,0,0,0,245,255,1,0,0,0,0,0,0,0,0,0,0,0,0,0,0,20,365,444.43,0.7940354660752726,200,0.55,400,65,0.21,0.15,0.06,0.096,0.23,rice,2300,0.47,850,200,9,26,1.24,100,10,34,50,0.08,1,170,320,0.64102842990744,36.662200000000006,241.27067682963704
0,0,0,0,0,0,0,0,0,245,255,1,0,0,0,0,0,0,0,0,0,0,0,0,0,0,20,365,444.43,0.7940354660752726,200,0.55,400,65,0.21,0.15,0.06,0.096,0.23,barley,1762,0.42,350,170,0,15,1.24,100,20,34,45,0.08,0.4,330,100,0.9094633279953169,28.30104477611941,495.00760255231194
0,0,0,0,0,0,0,0,0,245,255,1,0,0,0,0,0,0,0,0,0,0,0,0,0,0,20,365,444.43,0.7940354660752726,200,0.55,400,65,0.21,0.15,0.06,0.096,0.23,pearl millet,1220,0.25,245,120,10,33,1.9,100,5,35,47,0.08,0.05,200,320,0.6220784027747683,35.37891666666667,334.68066939984635
0,0,0,0,0,0,0,0,0,245,255,1,0,0,0,0,0,0,0,0,0,0,0,0,0,0,20,365,444.43,0.7940354660752726,200,0.55,400,65,0.21,0.15,0.06,0.096,0.23,proso millet,1328,0.29,157.3,96.75,0,18,3,100,5,34,45,0.08,0.05,107,220,0.758860952573169,41.23265486725667,1292.7685831988604
0,0,0,0,0,0,0,0,0,245,255,1,0,0,0,0,0,0,0,0,0,0,0,0,0,0,21,365,592.03,0.7464526803373923,200,0.55,400,65,0.21,0.15,0.06,0.096,0.23,wheat 1,2200,0.36,480,200,0,15,1.24,100,25,34,45,0.08,0.4,330,105,0.8174575921207994,26.83705035971222,452.2182658766566
0,0,0,0,0,0,0,0,0,245,255,1,0,0,0,0,0,0,0,0,0,0,0,0,0,0,21,365,592.03,0.7464526803373923,200,0.55,400,65,0.21,0.15,0.06,0.096,0.23,wheat 2,2150,0.34,280,50,0,15,1.24,100,25,34,45,0.08,0.4,330,105,0.8174575921207994,26.83705035971222,461.07512193156487
0,0,0,0,0,0,0,0,0,245,255,1,0,0,0,0,0,0,0,0,0,0,0,0,0,0,21,365,592.03,0.7464526803373923,200,0.55,400,65,0.21,0.15,0.06,0.096,0.23,rice,2300,0.47,850,200,9,26,1.24,100,10,34,50,0.08,1,170,320,0.5843793154404934,35.901800000000016,243.9785884144311
0,0,0,0,0,0,0,0,0,245,255,1,0,0,0,0,0,0,0,0,0,0,0,0,0,0,21,365,592.03,0.7464526803373923,200,0.55,400,65,0.21,0.15,0.06,0.096,0.23,barley,1762,0.42,350,170,0,15,1.24,100,20,34,45,0.08,0.4,330,100,0.8116539117569894,26.47373134328357,530.7147007535998
0,0,0,0,0,0,0,0,0,245,255,1,0,0,0,0,0,0,0,0,0,0,0,0,0,0,21,365,592.03,0.7464526803373923,200,0.55,400,65,0.21,0.15,0.06,0.096,0.23,pearl millet,1220,0.25,245,120,10,33,1.9,100,5,35,47,0.08,0.05,200,320,0.6530544378169056,35.323166666666665,368.78144173151287
0,0,0,0,0,0,0,0,0,245,255,1,0,0,0,0,0,0,0,0,0,0,0,0,0,0,21,365,592.03,0.7464526803373923,200,0.55,400,65,0.21,0.15,0.06,0.096,0.23,proso millet,1328,0.29,157.3,96.75,0,18,3,100,5,34,45,0.08,0.05,107,220,0.6890042684724997,39.98247787610618,1001.055843426686
0,0,0,0,0,0,0,0,0,245,255,1,0,0,0,0,0,0,0,0,0,0,0,0,0,0,22,365,391.74,0.8107854788261639,200,0.55,400,65,0.21,0.15,0.06,0.096,0.23,wheat 1,2200,0.36,480,200,0,15,1.24,100,25,34,45,0.08,0.4,330,105,0.9434652255602479,28.640719424460425,414.43946026052805
0,0,0,0,0,0,0,0,0,245,255,1,0,0,0,0,0,0,0,0,0,0,0,0,0,0,22,365,391.74,0.8107854788261639,200,0.55,400,65,0.21,0.15,0.06,0.096,0.23,wheat 2,2150,0.34,280,50,0,15,1.24,100,25,34,45,0.08,0.4,330,105,0.9434652255602479,28.640719424460425,432.09543292381164
0,0,0,0,0,0,0,0,0,245,255,1,0,0,0,0,0,0,0,0,0,0,0,0,0,0,22,365,391.74,0.8107854788261639,200,0.55,400,65,0.21,0.15,0.06,0.096,0.23,rice,2300,0.47,850,200,9,26,1.24,100,10,34,50,0.08,1,170,320,0.658887869373218,36.42606666666665,198.12000489869166
0,0,0,0,0,0,0,0,0,245,255,1,0,0,0,0,0,0,0,0,0,0,0,0,0,0,22,365,391.74,0.8107854788261639,200,0.55,400,65,0.21,0.15,0.06,0.096,0.23,barley,1762,0.42,350,170,0,15,1.24,100,20,34,45,0.08,0.4,330,100,0.9420683944122972,28.319104477611933,500.77496827706847
0,0,0,0,0,0,0,0,0,245,255,1,0,0,0,0,0,0,0,0,0,0,0,0,0,0,22,365,391.74,0.8107854788261639,200,0.55,400,65,0.21,0.15,0.06,0.096,0.23,pearl millet,1220,0.25,245,120,10,33,1.9,100,5,35,47,0.08,0.05,200,320,0.6903466229417937,35.64924999999999,270.75758220552945
0,0,0,0,0,0,0,0,0,245,255,1,0,0,0,0,0,0,0,0,0,0,0,0,0,0,22,365,391.74,0.8107854788261639,200,0.55,400,65,0.21,0.15,0.06,0.096,0.23,proso millet,1328,0.29,157.3,96.75,0,18,3,100,5,34,45,0.08,0.05,107,220,0.6855162937386321,40.347345132743364,1079.5709995680245
